temperature,humidity,sound_volume,temp_anomaly,humidity_anomaly,sound_anomaly,anomaly_score,is_anomaly
72.48357076505616,63.99355436586002,54.598573800204946,0,0,0,0,0
69.30867849414408,59.246336829127685,58.84385063427586,0,0,0,0,0
73.23844269050346,50.59630369920174,53.66064063200031,0,0,0,0,0
77.61514928204012,43.53063222294426,57.53630776288768,0,0,0,0,0
68.82923312638331,56.982233136135896,44.85108266436971,0,0,0,0,0
68.8293152152541,53.934853854217494,61.706349658983505,0,0,0,0,0
77.89606407753696,58.95193220027733,60.00964380289779,0,0,0,0,0
73.83717364576455,56.351718016819696,53.463290951454475,0,0,0,0,0
67.65262807032524,60.49552715319335,65.27396534745924,0,0,0,0,0
72.71280021792982,44.64764788439432,67.50056110101247,0,0,0,0,0
67.68291153593769,63.173940656343255,47.13952108504821,0,0,0,0,0
67.67135123214871,51.975996046923996,53.89820177147028,0,0,0,0,0
71.20981135783018,70.75260872625265,53.846861201701614,0,0,0,0,0
60.43359877671101,43.10812181910432,52.480775191129084,0,0,0,0,0
61.375410837434835,67.3596380316525,66.63579873545399,0,0,0,0,0
67.18856235379513,51.979107834626475,58.44939088981757,0,0,0,0,0
64.93584439832789,43.48581996385552,57.883881269515115,0,0,0,0,0
71.57123666297637,45.16114165945678,43.96910108474597,0,0,0,0,0
65.45987962239394,46.7965269180568,65.08334424167381,0,0,0,0,0
62.93848149332354,54.241659464019165,50.08593284117222,0,0,0,0,0
77.32824384460777,55.228354880355,60.47946104213062,0,0,0,0,0
68.87111849756732,44.26299996061421,62.21901550366553,0,0,0,0,0
70.33764102343962,49.756454077390174,70.8852687667092,0,0,0,0,0
62.87625906893272,71.42270358611864,49.529436807047105,0,0,0,0,0
67.27808637737408,67.27543170100711,35.8439027534334,0,0,0,0,0
70.55461294854933,54.36323669674032,61.47079635802956,0,0,0,0,0
64.24503211288848,50.380034781682,74.40408945208682,0,0,0,0,0
71.87849009172837,51.200313267182615,69.9115708235155,0,0,0,0,0
66.99680655040598,56.13517972730416,61.677275322197005,0,0,0,0,0
68.54153125103362,39.77207434801595,56.06691051494362,0,0,0,0,0
66.99146693885301,47.42623462576655,66.45698077309848,0,0,0,0,0
79.26139092254469,33.314159261224106,52.21163040236425,0,0,0,0,0
69.93251387631032,53.992231226052795,63.81086215484975,0,0,0,0,0
64.71144535522049,56.47195939702741,64.04376127333302,0,0,0,0,0
74.11272456051594,45.16813537700626,68.48167925999104,0,0,0,0,0
63.89578175014489,65.73986763290033,82.07728031128862,0,0,1,1,1
71.04431797502377,37.74234336997659,63.139327737430136,0,0,0,0,0
60.201649380601125,35.3562511979018,55.92829099434001,0,0,0,0,0
63.359069755507846,52.24451818559972,59.79540550246404,0,0,0,0,0
70.98430617934562,60.470983026121544,45.847392760887054,0,0,0,0,0
73.69233289997705,66.83927691457869,54.442294951287536,0,0,0,0,0
70.85684140594985,45.4111573713106,56.72574049509517,0,0,0,0,0
69.4217585880588,60.78680833431296,55.80729281652326,0,0,0,0,0
68.49448152205356,49.61491530499293,61.21883897626978,0,0,0,0,0
62.60739004816286,48.273727000591805,53.420640540942394,0,0,0,0,0
66.40077895802645,58.83659937486672,68.96824533859578,0,0,0,0,0
67.69680614520107,56.5232287841342,60.00165651934557,0,0,0,0,0
75.28561113109458,34.236078430157505,59.92559743089109,0,0,0,0,0
71.71809144784231,64.76540349725896,57.376842267896656,0,0,0,0,0
61.18479922318633,63.800913541474515,61.241525470871835,0,0,0,0,0
71.62041984697397,43.74437298490471,66.60078611734107,0,0,0,0,0
68.07458859791842,53.95803533437409,53.0629582743128,0,0,0,0,0
66.6153899984702,54.94030186282739,54.73506808739795,0,0,0,0,0
73.05838144420434,52.60673765823907,57.57019176978668,0,0,0,0,0
75.15499761247976,44.4969484615458,49.23303261221428,0,0,0,0,0
74.65640059558099,43.283766320619485,53.44593712222802,0,0,0,0,0
65.80391238388681,49.744459290085544,56.190233011642725,0,0,0,0,0
68.45393812074393,61.72729019259364,66.99511344570182,0,0,0,0,0
71.65631715701782,55.43600154594432,62.1004906320154,0,0,0,0,0
74.8777256356118,46.29385667913894,61.548719290940355,0,0,0,0,0
67.60412881077355,57.716987106483444,66.80718369734377,0,0,0,0,0
69.07170511668092,21.514573793699245,58.90102569280483,0,1,0,1,1
64.46832512996986,61.48765700372103,63.12371879943112,0,0,0,0,0
64.01896687959665,32.60286221221901,59.17422597654003,0,0,0,0,0
74.06262911197099,46.37559058596868,62.12289879519703,0,0,0,0,0
76.78120014285412,38.803301053738565,55.33793073910734,0,0,0,0,0
69.63994939209833,37.053185242790946,40.48946273378857,0,0,0,0,0
75.01766448946012,61.608267873785195,58.92576670250957,0,0,0,0,0
71.80818012523817,45.32298798688109,71.38198508879952,0,0,0,0,0
66.77440122697438,53.46503881730716,67.40972321793274,0,0,0,0,0
71.80697802754207,49.53079421120816,67.72317987672936,0,0,0,0,0
77.69018283232984,54.770408272231215,69.88904577444974,0,0,0,0,0
69.82086980445024,50.768218910602556,60.7092607276915,0,0,0,0,0
77.82321827907003,37.1700777581143,61.57852565924477,0,0,0,0,0
56.901274479551276,59.9626681944714,55.0587848365252,0,0,0,0,0
74.10951252187611,45.06243416838687,57.471417151783605,0,0,0,0,0
70.43523534119086,34.434181013402494,64.92616919816913,0,0,0,0,0
68.50496324767066,45.718848390340874,69.63107549735054,0,0,0,0,0
70.45880388267751,65.00759790634311,58.884429794552005,0,0,0,0,0
60.06215542699554,58.50221742113493,56.398485881188705,0,0,0,0,0
68.90164056081244,46.51347865592141,60.00422367085278,0,0,0,0,0
71.78556285755873,46.50742295681571,64.80965399143292,0,0,0,0,0
77.38947022370758,46.783649487826175,48.449161470931664,0,0,0,0,0
67.40864890863176,70.76747983560841,41.630552374902095,0,0,0,0,0
65.95753198553406,53.819354522315535,55.59570520406733,0,0,0,0,0
67.49121478207732,54.300416471910694,50.23430059268673,0,0,0,0,0
74.57701058851038,60.30283454031842,55.93487841882151,0,0,0,0,0
71.64375554829843,52.387891590265134,58.81775744946023,0,0,0,0,0
67.3511989811648,47.40957854179297,56.374012727815895,0,0,0,0,0
72.56633716556678,48.03650150915022,71.61974027576596,0,0,0,0,0
70.4853877467402,49.283987405859364,62.61395811681856,0,0,0,0,0
74.84322495266444,49.627777634901584,62.40379487688663,0,0,0,0,0
66.48973453061323,57.2762954363698,64.97765715234722,0,0,0,0,0
68.36168926701116,50.519458858072994,50.88933505775385,0,0,0,0,0
68.0394592343392,57.32640077215579,68.31289429936214,0,0,0,0,0
62.68242525933941,49.19283419891418,59.39388570771632,0,0,0,0,0
71.48060138532288,50.786351903160906,65.3638449379297,0,0,0,0,0
71.30527636089944,30.017993154678923,51.425142135678755,0,0,0,0,0
70.02556728321231,59.16327674702482,47.56992987187149,0,0,0,0,0
68.82706433312427,53.46488475897993,66.54311726420023,0,0,0,0,0
62.923146289747926,59.98010109859652,63.01127620878013,0,0,0,0,0
67.89677338617321,21.037446218063106,52.78358756513992,0,1,0,1,1
68.28642741736616,70.88374704780728,53.04269534980244,0,0,0,0,0
65.9886136538919,48.604103718448265,69.00347827531816,0,0,0,0,0
69.19357144166996,61.081828167375164,50.484704857061374,0,0,0,0,0
72.02025428407269,39.60094072874469,73.14138362604771,0,0,0,0,0
79.43092950605265,56.1277390506257,52.79503412281705,0,0,0,0,0
70.8728890641592,39.46584436826344,65.10713540486707,0,0,0,0,0
71.28775195361382,43.76231039304195,57.37105219400812,0,0,0,0,0
69.62777042116916,69.14031353866787,64.82549944865875,0,0,0,0,0
60.40614392350479,48.09317599236653,55.64708798308646,0,0,0,0,0
69.86743062275391,52.17432873179723,58.69765675142165,0,0,0,0,0
70.30115104970513,58.70067730688754,60.327353403165766,0,0,0,0,0
82.31621056242643,54.95681887972604,51.98250035374822,0,0,0,0,0
69.03819517609439,51.504189051435766,65.92659476336101,0,0,0,0,0
71.50773671166806,53.64961002466225,55.894291468227316,0,0,0,0,0
69.82644115147379,74.03415585238275,58.17120067727985,0,0,0,0,0
64.15660981190234,49.42381202966415,52.045205003131905,0,0,0,0,0
75.7141140725751,52.010990467149675,39.501330729637516,0,0,0,0,0
73.75966516343387,60.50654396007612,58.47177789919865,0,0,0,0,0
73.95515973521523,61.05525932957984,79.30092337290333,0,0,0,0,0
65.4530627260263,61.8703030556038,66.27683430318419,0,0,0,0,0
77.0139715546805,56.38730222029184,59.845916962124846,0,0,0,0,0
62.990744686038596,38.569950872695166,57.89687336633386,0,0,0,0,0
72.93428546900135,66.33431532301096,60.17972714249637,0,0,0,0,0
80.95227812904989,38.53654606981312,64.37695292140168,0,0,0,0,0
65.04731837434656,53.02635465239033,50.55349747752924,0,0,0,0,0
67.16851135198614,42.45724149980642,68.91457355735098,0,0,0,0,0
70.4982568254382,49.35861653407007,65.72305052352995,0,0,0,0,0
67.48262172941901,53.2876241030348,65.74548580566348,0,0,0,0,0
62.24668284466934,53.21357215450273,63.50780591047782,0,0,0,0,0
70.34281487403014,54.21920754235285,60.15693326155192,0,0,0,0,0
64.68848143136948,66.13711269058646,65.38288988773456,0,0,0,0,0
72.36796215317591,54.5353430151398,64.73451306993103,0,0,0,0,0
65.40287882883098,47.558433647093516,57.16767431247181,0,0,0,0,0
77.7496720250877,59.64087168288357,55.41118581682479,0,0,0,0,0
66.08373353831881,61.894704889246405,60.814850362095896,0,0,0,0,0
68.38969241897162,37.72392184863008,72.3921612119615,0,0,0,0,0
74.06758608684835,55.97400069849858,50.087143394768795,0,0,0,0,0
63.84567841783022,57.01172742310898,48.25979787398048,0,0,0,0,0
71.13729967302065,47.02436496640008,61.31808672989214,0,0,0,0,0
76.53571377141213,63.75706813311619,60.407101614848145,0,0,0,0,0
61.96258382719386,48.499444129674735,61.386733314963266,0,0,0,0,0
70.92316929266153,51.255764534715425,61.951625583268005,0,0,0,0,0
71.29941397124212,48.2692817571613,58.21438196292156,0,0,0,0,0
73.90911435888655,50.155790475814676,71.91890750881666,0,0,0,0,0
63.81524644560959,39.037249131047986,47.192768172187876,0,0,0,0,0
63.39771693457862,35.59949117405706,53.37202380175803,0,0,0,0,0
72.60970782808448,65.94505063224972,59.17396191880762,0,0,0,0,0
71.48492336616593,41.53038651681672,46.85448951076666,0,0,0,0,0
71.25246425172938,40.08607650543693,58.59316476454343,0,0,0,0,0
71.73224104748488,28.466098863962852,73.29176132582414,0,1,0,1,1
66.59987639210755,43.610382523104974,60.167091906367695,0,0,0,0,0
71.16126848580502,36.76910206592502,61.84560724574947,0,0,0,0,0
71.46536236649341,66.4201516013637,49.91868187861936,0,0,0,0,0
66.42824290986816,60.09817089342634,55.06910873568418,0,0,0,0,0
79.32887255572378,43.118496548222765,56.99842895740851,0,0,0,0,0
72.36916460455893,72.52435805344308,57.45827922595013,0,0,0,0,0
64.04348251398676,59.81765486991594,70.25315036003015,0,0,0,0,0
73.28276804316914,46.75168616491378,64.461528485801,0,0,0,0,0
65.1265916488634,25.00594285126427,51.10833634450374,0,1,0,1,1
73.93542301871226,72.90942572590743,61.97203822745604,0,0,0,0,0
75.79297789503703,36.10427533236404,63.985773987974284,0,0,0,0,0
65.89658840824144,33.546012530431085,69.12119230817014,0,0,0,0,0
74.8168806462216,60.225704320096405,72.64432549254698,0,0,0,0,0
72.06390463468249,74.39752406339272,51.87924646537705,0,0,0,0,0
74.11030079997245,63.84272818510518,53.51313991031729,0,0,0,0,0
79.48396491326974,55.639091200523595,49.93937712868307,0,0,0,0,0
68.77305941998564,55.94754341665286,58.12784112714415,0,0,0,0,0
66.23131917821256,58.53415558780308,63.73086699557068,0,0,0,0,0
65.55242785187238,57.589285897867654,67.89867613271281,0,0,0,0,0
65.92094857517282,52.811914239693756,59.39239181085982,0,0,0,0,0
69.61449145292949,51.04201103951876,57.44121981396125,0,0,0,0,0
71.70575987408321,49.374068721004775,61.21406393798992,0,0,0,0,0
71.38345399665009,42.46035411133324,53.31885678695981,0,0,0,0,0
74.13591624518011,47.19324923133226,76.71630977355818,0,0,0,0,0
70.06500945938953,33.07043185804615,47.13871178305553,0,0,0,0,0
77.26767038578659,49.0166037320525,61.4779246311658,0,0,0,0,0
68.67671583381022,40.11408892849083,76.18884975383712,0,0,0,0,0
83.6008458329481,38.964106827842286,60.05439875647998,0,0,0,0,0
73.12833673882503,51.798941511534785,58.47968771998804,0,0,0,0,0
65.71421221791859,63.92002286344599,57.140436617516585,0,0,0,0,0
64.64553750969444,59.183166060023126,58.55686654590074,0,0,0,0,0
72.41236207621593,34.29499396376823,70.98278779741224,0,0,0,0,0
68.88268607337075,40.10371863429663,42.305104709363945,0,0,0,0,0
73.57000247046047,59.40771187988216,72.2674696103706,0,0,0,0,0
72.36618812286773,40.175126064616904,48.60834278039884,0,0,0,0,0
69.63585543671563,47.753668500029754,57.866781366124684,0,0,0,0,0
65.76603140965797,55.50052099024552,56.5660446376107,0,0,0,0,0
62.42576387657068,40.31655545136365,64.70842615816576,0,0,0,0,0
67.76742523966489,51.0537550614596,47.21500518493002,0,0,0,0,0
74.28199397161737,36.65974505081795,63.697381328655545,0,0,0,0,0
71.07046872065102,43.98632356048786,76.19447698629482,0,0,0,0,0
63.77130610644006,53.19781934142537,49.094607963257516,0,0,0,0,0
70.86590462925591,34.070062664683306,61.51764934088317,0,0,0,0,0
71.92658689864419,54.40474737960399,54.704142577627124,0,0,0,0,0
65.58071281899433,49.803622010733186,63.40709764954428,0,0,0,0,0
70.76862552972764,55.524899544171475,60.15318221932602,0,0,0,0,0
70.29104359223,52.23914134064661,54.86810472764552,0,0,0,0,0
64.28514851084688,63.64140429973844,63.90297827896859,0,0,0,0,0
71.78893680174141,51.25224502647907,74.43478487829394,0,0,0,0,0
72.80392263184117,45.70594458874747,58.47276966618161,0,0,0,0,0
75.41525621587638,51.222975030322836,65.75806353718545,0,0,0,0,0
75.26901026017451,55.43298029036388,49.65381633703069,0,0,0,0,0
63.111653160214544,50.48860070325704,52.34850898545593,0,0,0,0,0
65.31087480042439,50.405916912038826,63.77925022304302,0,0,0,0,0
72.5751763360433,42.980083121932445,71.87292822828772,0,0,0,0,0
72.56892975456104,43.37099082449052,62.84490679028528,0,0,0,0,0
72.57523843153024,35.97394728200307,57.495535755814764,0,0,0,0,0
89.26365745327361,67.4957674318694,59.99433124338683,0,0,0,0,0
72.85445255346583,37.56136764608715,49.99673812824226,0,0,0,0,0
75.677828200903,43.07094802204092,64.83612261084293,0,0,0,0,0
74.770008817466,42.81592734430802,67.05866449858728,0,0,0,0,0
73.256956256529,58.949243769444415,56.38327733733536,0,0,0,0,0
68.42365377679828,47.05050321707972,56.239662817923985,0,0,0,0,0
73.79484610246634,62.477420726737336,62.12702583721639,0,0,0,0,0
66.13587392731215,43.26509375756132,56.506242111675235,0,0,0,0,0
68.81590696629996,52.78994162223802,59.47093908299342,0,0,0,0,0
67.57318226085448,41.64652946740243,76.79777431333213,0,0,0,0,0
70.40937069693162,71.45149127773388,58.02379439403202,0,0,0,0,0
81.57329283336755,38.12401580970487,57.13327878383022,0,0,0,0,0
60.66367403704126,53.09820710227027,54.81966555491873,0,0,0,0,0
73.43130095187257,56.337768809320984,65.9535357719995,0,0,0,0,0
61.93642064405174,54.137990974514985,58.550206614255174,0,0,0,0,0
67.64034067105283,48.147123411222914,54.805015693428594,0,0,0,0,0
75.44475298483682,48.70179300266574,70.5704322581841,0,0,0,0,0
70.32140009547732,50.438114719791095,71.3568240361091,0,0,0,0,0
64.61127611035347,48.529979983715116,55.19661147409036,0,0,0,0,0
66.42348145370016,59.638791167949094,45.06768038911507,0,0,0,0,0
73.39798874467338,72.10523001591352,68.06010951869538,0,0,0,0,0
66.34816684141431,44.425082149921664,54.52296139391997,0,0,0,0,0
71.08229294790988,36.301970204209226,66.32500479330216,0,0,0,0,0
70.22785919951907,49.117179516487454,44.23916945830531,0,0,0,0,0
66.74199826197092,75.79709337654319,67.14077870639447,0,0,0,0,0
80.71972044662662,41.963254320302696,50.31062456575375,0,0,0,0,0
73.16959511159006,66.39116805444067,65.8461129525322,0,0,0,0,0
59.874287066711965,66.77700814076441,60.114184542691476,0,0,0,0,0
70.93227157384713,44.46411758292005,52.36848464482684,0,0,0,0,0
66.69106767615806,55.689830791852756,56.74370949658576,0,0,0,0,0
74.26216667398111,66.28396623128538,65.4905476556536,0,0,0,0,0
66.0373963078365,46.20872259012513,60.847155624921875,0,0,0,0,0
69.4263177926655,47.964196398976384,64.67530384377987,0,0,0,0,0
72.52493639490228,44.18319086051356,75.81152467612388,0,0,0,0,0
74.32877597085061,39.852432693071336,47.48606710631159,0,0,0,0,0
63.99851796472112,43.50722454933993,72.937700599749,0,0,0,0,0
68.32749382079525,37.760597332377436,60.8348475001857,0,0,0,0,0
67.62527344419522,50.34083468259226,52.80972761341498,0,0,0,0,0
66.73335383713145,42.30026768941358,49.35749099408808,0,0,0,0,0
78.82727120140548,52.33785911790748,58.48703687378373,0,0,0,0,0
72.02490855480478,34.44104353796373,67.37320089539567,0,0,0,0,0
63.69558022832477,53.30880232214457,58.97960703697973,0,0,0,0,0
74.58930973527389,58.33528961608925,72.08923944197878,0,0,0,0,0
80.61078098506317,30.062643574285445,48.39059447958753,0,0,0,0,0
75.16232630275573,53.74056569847572,59.903288417231565,0,0,0,0,0
62.403150170229935,62.27668992473292,49.980852444695046,0,0,0,0,0
67.57882963566874,37.90358981308795,62.90905506099974,0,0,0,0,0
76.33455574593312,66.72572386837703,67.0950991207784,0,0,0,0,0
66.4616526719061,54.190190093660455,56.633905650551576,0,0,0,0,0
72.21909714073114,42.949881442415915,39.166289146982926,0,0,0,0,0
73.87317026714669,49.44230922342294,61.59158517437196,0,0,0,0,0
65.36534764210958,55.58326912521722,63.49390841386808,0,0,0,0,0
69.702373219691,50.760053914124114,63.23435803969358,0,0,0,0,0
53.79366329965464,55.387559924463694,69.88625753457723,0,0,0,0,0
64.87806179332856,40.79326406920634,51.43157056280761,0,0,0,0,0
68.7371592430342,51.69360824036078,65.4417288436036,0,0,0,0,0
63.76108409017575,35.8628550309502,69.5400600998238,0,0,0,0,0
78.16205651965818,48.887739386513,45.771299327947865,0,0,0,0,0
62.84929311019684,40.960923585352106,62.55721460735182,0,0,0,0,0
67.79977756651508,42.64470057410233,55.96656135193863,0,0,0,0,0
70.65370288643045,62.36093175210438,59.34781861518683,0,0,0,0,0
77.20636644533057,60.91310120594269,62.78141186830669,0,0,0,0,0
62.8206892441028,56.09138120907177,56.10217148709158,0,0,0,0,0
75.8158187607748,39.07687235327421,54.59433536670711,0,0,0,0,0
70.05116530509794,46.83591550305198,60.273219339904195,0,0,0,0,0
65.09245674476024,62.130976999791834,51.30203248909758,0,0,0,0,0
72.31051737131635,51.417169136399046,51.31339896891852,0,0,0,0,0
70.99529847786735,73.19329539981695,65.43498626365202,0,0,0,0,0
66.99891561420603,53.93317839394372,50.80964771873075,0,0,0,0,0
70.3490104249501,51.92049116490031,65.3305000072737,0,0,0,0,0
68.0734320156912,46.908835357974986,63.70073034283161,0,0,0,0,0
70.56758672625624,51.33540904782282,46.19354616967523,0,0,0,0,0
73.31065337260523,48.47530163619456,54.57948278131476,0,0,0,0,0
77.93008408072676,57.0810867668859,69.55287522437898,0,0,0,0,0
63.810922505865754,59.56702316794584,52.15067575088255,0,0,0,0,0
80.66516687328134,42.140105394920504,56.2847659015249,0,0,0,0,0
60.23956100238749,36.68767046442222,63.69648714601517,0,0,0,0,0
69.24107452482208,31.637946268967035,66.26712407426076,0,0,0,0,0
72.94158603242288,55.079913269125434,57.987688911644035,0,0,0,0,0
71.40495933867517,38.966333938261265,55.21991844246687,0,0,0,0,0
66.88650240089703,28.47109407047517,71.37895889358806,0,1,0,1,1
68.95938874821363,53.885786045309644,73.91119731038063,0,0,0,0,0
67.53499532670584,74.9299951743279,67.83086440625436,0,0,0,0,0
67.05317621527894,49.939290884601064,60.68254514052019,0,0,0,0,0
74.24801048510513,58.38490774451642,53.53387422687259,0,0,0,0,0
71.78507742982524,50.81829358547565,53.35644474754748,0,0,0,0,0
66.53545202369673,49.01110346808857,64.18011284212606,0,0,0,0,0
74.49799937716625,59.190764829877686,63.34718576710947,0,0,0,0,0
71.53649760438304,47.097254558113484,71.21278874357144,0,0,0,0,0
74.06431059419481,52.673923140719026,65.20360074028912,0,0,0,0,0
73.14814420961807,53.216978061960134,47.97535758592146,0,0,0,0,0
65.85502494538964,43.31909546356951,68.41558094178335,0,0,0,0,0
67.19909479901516,59.92042349536523,52.0155149814847,0,0,0,0,0
73.7364680256163,48.25040243304591,56.92822982438119,0,0,0,0,0
73.05185132716733,42.442548405071555,62.001601650013555,0,0,0,0,0
69.89549203017926,55.365098435704034,75.96533991827171,0,0,0,0,0
70.58663691654391,41.015320182089624,84.87934844804289,0,0,1,1,1
76.38832447894212,50.281811573691286,64.85378447308946,0,0,0,0,0
67.04214305582084,49.90881003355796,58.5344270502369,0,0,0,0,0
72.7354869058502,60.85895565831578,64.2760451878444,0,0,0,0,0
68.98903673783053,54.746982328799525,67.10124340699069,0,0,0,0,0
68.9115939838639,49.74973041254856,57.43465899554246,0,0,0,0,0
75.49388425993595,58.17766299200287,74.36169084729858,0,0,0,0,0
74.12708174494014,63.90207549017313,61.840566073531214,0,0,0,0,0
74.06754818000319,55.578103063518626,63.981944712731156,0,0,0,0,0
76.52739403577165,50.103526198433805,65.32739401643569,0,0,0,0,0
70.1050192081638,36.8816376764984,63.372692884915644,0,0,0,0,0
73.40976485647482,39.348863369246274,66.71152400375689,0,0,0,0,0
68.44866621703272,46.94775295645332,55.06197450762461,0,0,0,0,0
71.62083176244221,43.90487797840717,55.53358596843176,0,0,0,0,0
69.34928472816158,48.13028697014554,51.19876613622644,0,0,0,0,0
70.48497982496359,50.56649924897107,63.516009844961815,0,0,0,0,0
72.97578512718457,55.29692754356731,66.23149202809691,0,0,0,0,0
65.90889658383264,49.29501221940909,63.662182929215085,0,0,0,0,0
80.4619363784273,54.86501643826202,73.3959394667803,0,0,0,0,0
64.96991309250149,50.6447441481012,59.95523184936763,0,0,0,0,0
63.92905693606134,30.245334336461287,65.3499332447401,0,0,0,0,0
75.79055436750033,40.606646061812455,51.266392990885485,0,0,0,0,0
73.95831346981468,48.55912444278385,56.90320238020479,0,0,0,0,0
73.12059908526078,37.90305257158892,65.56430206052622,0,0,0,0,0
73.1417275463214,55.99928729996205,66.79281688594516,0,0,0,0,0
69.93876613576543,65.30750832343698,57.648264418686544,0,0,0,0,0
65.51372814257084,62.18761851697317,59.427205985135465,0,0,0,0,0
70.37902279096863,47.86557129069792,47.857010026553525,0,0,0,0,0
66.61419144243945,64.90726136849952,57.143766393547125,0,0,0,0,0
74.87559866708875,51.486674572021116,67.12306530815829,0,0,0,0,0
69.2647130924893,46.629140288819606,64.60164012885252,0,0,0,0,0
65.87251401603744,43.8659733645906,64.00532577104968,0,0,0,0,0
68.39307079173503,46.975303135118715,60.39818949744768,0,0,0,0,0
72.06465727137812,46.118231814587716,60.056505269025415,0,0,0,0,0
67.18137723598012,51.70416222375488,54.717430884212426,0,0,0,0,0
65.88889802216784,51.60573981049865,65.59062736162028,0,0,0,0,0
71.21843605745956,50.03046020153415,63.36778355511512,0,0,0,0,0
71.22483285554361,54.369381697463496,63.936150783942395,0,0,0,0,0
67.46528412314436,61.906462747863415,55.79172125865936,0,0,0,0,0
67.64480847190839,59.495541354413234,42.773256641030045,0,0,0,0,0
71.16024968678818,35.151020315500965,68.77722169402956,0,0,0,0,0
62.75957829251338,24.46078865098045,56.16930035193277,0,1,0,1,1
62.962681128117225,59.34319911239274,53.09779388765504,0,0,0,0,0
66.40777889373783,36.33121301584579,65.54783129531195,0,0,0,0,0
68.93276424144076,47.75234598107316,56.863898880646964,0,0,0,0,0
71.55453782799002,38.298869739406406,68.47949107237298,0,0,0,0,0
77.37678108474776,31.9801956241998,64.93604759661358,0,0,0,0,0
74.2882981160101,55.41462728204788,65.46855458560383,0,0,0,0,0
69.20030735018287,57.59155160302647,49.072354310395724,0,0,0,0,0
69.90491896048655,44.2348959927328,69.6955518830912,0,0,0,0,0
64.98735317681096,24.089577078550903,62.09000424987085,0,1,0,1,1
69.90743432003805,44.53755551747517,57.04578288603037,0,0,0,0,0
68.5567068053993,53.91804005402547,61.14710773873801,0,0,0,0,0
71.61359280169044,35.21088431225871,45.79011813681344,0,0,0,0,0
65.86384528223839,51.83359919779156,63.26922249184537,0,0,0,0,0
72.59673257120586,49.846901508270044,51.765027934543426,0,0,0,0,0
77.66369456501289,55.792914996010886,49.178637713251725,0,0,0,0,0
69.45619925771571,51.19580368414153,47.821126510256875,0,0,0,0,0
72.0085586104947,40.26931059118444,68.9015069999194,0,0,0,0,0
73.45071995855557,61.965715016644914,54.96589285045769,0,0,0,0,0
67.99389764057082,48.4147042697303,72.269821679332,0,0,0,0,0
71.12046240905208,49.72695460490068,55.713588295581616,0,0,0,0,0
70.06296200390898,40.667320409268044,46.34113633925642,0,0,0,0,0
70.48838049274416,45.567177488084894,51.06780448041073,0,0,0,0,0
66.13495108072267,41.15197285973099,69.8864929600555,0,0,0,0,0
70.12255087129472,48.27053940076577,58.75281457650666,0,0,0,0,0
72.48999145622724,67.11708480142343,55.61370162807519,0,0,0,0,0
77.2557180389752,36.28098857068643,61.280145806822304,0,0,0,0,0
74.79635413042604,33.86438602123259,64.01426188934036,0,0,0,0,0
80.76591228755778,64.71170327493608,68.9391905272197,0,0,0,0,0
66.16326218555976,47.90676322848134,71.58799383914341,0,0,0,0,0
74.36160318360339,43.309272613400836,57.12185083368731,0,0,0,0,0
70.91671002869175,60.39904687396076,49.391618511343694,0,0,0,0,0
80.94901466608836,43.94384460263136,56.69227871101379,0,0,0,0,0
65.95850857322424,68.26009713546937,62.082244052663086,0,0,0,0,0
65.80139078909612,56.77925871339269,52.289928590315114,0,0,0,0,0
67.0030367727799,45.120885918542974,52.34279268083966,0,0,0,0,0
59.380521378450965,71.57308213265503,62.75030305239908,0,0,0,0,0
67.3712248915962,43.94285076996662,59.61078118743639,0,0,0,0,0
66.20433669223151,57.42095372009307,60.26237596329269,0,0,0,0,0
70.75196893238103,52.99292580406492,53.932037322399445,0,0,0,0,0
71.70877987888579,63.01741289398798,58.156794286353865,0,0,0,0,0
79.38085419607943,65.61511196726853,52.60613484585357,0,0,0,0,0
74.75211919093024,50.320041490657665,67.1215872889983,0,0,0,0,0
67.11548172168798,42.46582129653817,68.28199467779002,0,0,0,0,0
65.50792664325822,54.59972142939117,45.23049710209525,0,0,0,0,0
72.45959585753253,43.22284630247894,52.56391311846072,0,0,0,0,0
63.39883396489679,70.13387247526623,48.027765959279364,0,0,0,0,0
79.15729382927177,51.36535331082737,54.79980852474481,0,0,0,0,0
75.89720060360644,46.34678448687891,59.33249624167711,0,0,0,0,0
67.65412173947648,51.84680305864909,48.40283824241176,0,0,0,0,0
61.434327354545616,36.52873710470303,52.625121494997494,0,0,0,0,0
76.76936187082707,40.28385961489349,51.96834102334801,0,0,0,0,0
69.42730077373692,62.00413907944426,61.65813863519155,0,0,0,0,0
76.1890815598673,43.43105721028604,60.554754696290004,0,0,0,0,0
62.02786170602816,39.5308901731806,54.22609957330197,0,0,0,0,0
67.00312488523113,55.36652752527286,61.414566977115186,0,0,0,0,0
70.02621849859092,61.85704154662997,55.626559323301876,0,0,0,0,0
70.2349029688237,57.18953310665067,57.826759117391575,0,0,0,0,0
67.74967264260378,59.960476858058165,73.3876167223883,0,0,0,0,0
73.11424966173749,42.43204911430539,70.72368841432278,0,0,0,0,0
64.66189785308703,35.78189333258156,49.60335010457922,0,0,0,0,0
69.28810257489353,65.01333651955487,66.6378593430334,0,0,0,0,0
70.60147815855949,46.77320161157864,66.49117243593274,0,0,0,0,0
72.57219417029374,47.49166983544953,50.813893689979054,0,0,0,0,0
73.55807439044445,63.281941418490575,66.55022115003888,0,0,0,0,0
64.37678954081065,55.5623000940066,72.30345534730043,0,0,0,0,0
62.329429146321885,54.55887772081608,51.01964155004469,0,0,0,0,0
76.38838410949255,71.65002344901083,52.65997743188589,0,0,0,0,0
71.66157005989795,43.564817696198574,68.14129173474802,0,0,0,0,0
66.25756731721724,59.278401280812375,62.17196248660518,0,0,0,0,0
77.75575987761262,50.570131248970846,64.41181020191618,0,0,0,0,0
70.57837317146429,52.68592278863257,62.72471373120398,0,0,0,0,0
75.89648592031914,65.28468426412532,63.125567367425155,0,0,0,0,0
70.33759240705055,55.07835756289624,49.38822297351133,0,0,0,0,0
80.30373962440993,55.38296079049633,68.37854165297159,0,0,0,0,0
78.77670421221602,60.72507337309802,69.35671993942219,0,0,0,0,0
68.75517925760464,46.350472704571146,58.164874047455775,0,0,0,0,0
74.85785475477178,41.607903326609936,59.6521844014891,0,0,0,0,0
73.22687974792574,39.55190805978967,47.751139979554225,0,0,0,0,0
76.84315778766174,30.33643410623998,64.11403804814267,0,0,0,0,0
65.17538269709948,70.56207129940321,64.57645953371315,0,0,0,0,0
73.43025729999219,38.96791634278317,59.502471864005514,0,0,0,0,0
75.29212243424794,47.78746376414228,68.99482687896402,0,0,0,0,0
61.20630256788443,47.23186700111079,57.327382152160475,0,0,0,0,0
64.08370743667112,53.07406697809101,64.5168474071488,0,0,0,0,0
59.803839111199494,58.15737212539297,51.84268529046307,0,0,0,0,0
68.65296582777721,58.60473488359745,59.811582793006096,0,0,0,0,0
73.58771127897981,44.16922561431062,58.60516593677731,0,0,0,0,0
77.51178526048014,48.32878286213589,61.80246337632753,0,0,0,0,0
70.37047390209888,52.825799504882994,57.043784569333134,0,0,0,0,0
78.14307772785646,47.51308873816453,58.948219234626656,0,0,0,0,0
63.099492708925546,66.07345576019992,66.60837737153204,0,0,0,0,0
61.48308780322422,54.90974951638251,56.50588610209426,0,0,0,0,0
69.72226150551691,57.348777860498174,47.147383194090565,0,0,0,0,0
71.92032724469654,56.628812686674124,73.99667123364337,0,0,0,0,0
69.83652625952953,61.73473857485325,71.0516326295239,0,0,0,0,0
59.66278949980062,51.81021558703707,49.66189843915505,0,0,0,0,0
69.55439980243605,37.03168052044153,65.51766244196156,0,0,0,0,0
63.47765249747573,53.996879517526416,55.97620183558926,0,0,0,0,0
73.3483627441502,43.48643106208171,62.107897722648474,0,0,0,0,0
71.83299123048424,44.713833182502434,62.35379303210795,0,0,0,0,0
65.30060106836322,55.863640187550935,58.12473759746943,0,0,0,0,0
67.43066541331653,62.38283071433636,53.72987467530883,0,0,0,0,0
64.70393239055524,50.21271576736061,54.475671581469925,0,0,0,0,0
69.68660451363414,53.088330125989636,52.67046467615006,0,0,0,0,0
74.77571160250619,67.02214944635239,53.34542233415644,0,0,0,0,0
65.07136976832228,52.407531794885685,59.46257367960516,0,0,0,0,0
72.52023257758923,76.01683114180395,54.273920087113986,0,0,0,0,0
67.3487119081378,55.65509645631544,65.45641652570096,0,0,0,0,0
66.03563583868828,32.39237240844182,71.89796924268742,0,0,0,0,0
69.46484820022721,57.53341621104533,55.35957406903965,0,0,0,0,0
64.82378838790314,53.81158384882778,61.91523600428302,0,0,0,0,0
67.23175347326409,62.897527540827454,63.997480882423474,0,0,0,0,0
64.01061053705575,56.73181351269958,63.776018167354195,0,0,0,0,0
79.82362566458195,48.615440160162265,60.6076421433287,0,0,0,0,0
70.17631775985865,37.757017637106344,65.94145934687778,0,0,0,0,0
66.50137246003708,47.90976742713975,63.85799162144526,0,0,0,0,0
71.0698995536711,41.494795457907,50.09870062138162,0,0,0,0,0
69.43835975154585,44.19476550195277,66.95324851511418,0,0,0,0,0
68.89515200233389,55.8857840442061,67.09832669813393,0,0,0,0,0
73.07083350021712,66.69904504351406,53.89371116657135,0,0,0,0,0
73.78753855023652,53.94671529822981,60.30350268358082,0,0,0,0,0
67.34749426194736,38.04116937964815,65.46663194248856,0,0,0,0,0
67.1209087967766,54.446026682201406,58.32548944336511,0,0,0,0,0
68.62474151424178,61.966314866456514,68.5838243821281,0,0,0,0,0
58.49039417632208,43.90217095680618,78.91097995695489,0,0,0,0,0
62.42404468900724,48.65982833327082,53.71211173892014,0,0,0,0,0
76.83437133722262,50.14688194729197,48.9516431747698,0,0,0,0,0
78.22483856750642,42.151016869177596,62.430548764839,0,0,0,0,0
68.75481980221811,56.48280433843859,65.77250004100915,0,0,0,0,0
72.88278481527882,48.79051851392219,58.15306900924185,0,0,0,0,0
71.55625077271768,54.195324439070276,71.62608530656827,0,0,0,0,0
85.3944040422762,41.125078221978995,49.29115360221401,0,0,0,0,0
75.59787455717289,45.62541699676589,65.54334898425289,0,0,0,0,0
69.36041204259617,57.22381357827771,55.15311343392885,0,0,0,0,0
65.22229779699788,46.27166847908233,73.75502324965838,0,0,0,0,0
61.96776839871214,67.26963851233405,75.94012282534494,0,0,0,0,0
71.01731817933612,46.003638143853976,53.86674729773322,0,0,0,0,0
66.21824627357849,52.24684725751886,55.603542912731356,0,0,0,0,0
62.888731452011626,59.325908318730896,66.87670309583842,0,0,0,0,0
66.76713557878736,35.816342670669684,56.90295480168388,0,0,0,0,0
64.59225998192802,32.39191188019224,59.636710256542095,0,0,0,0,0
78.43570817536282,34.74343685429905,60.20310736433928,0,0,0,0,0
74.40819878474726,62.62584103427182,44.64261475041875,0,0,0,0,0
69.96013679341691,44.481418541075534,59.8892980312461,0,0,0,0,0
77.39972069445012,75.58199285668252,54.48217780748661,0,0,0,0,0
70.38684153823809,44.357524013426115,56.055017420801825,0,0,0,0,0
65.69357899335868,51.84551303197037,71.54905602775051,0,0,0,0,0
77.61562038634828,65.42109952567876,49.947944845765946,0,0,0,0,0
72.69455021842329,70.06092888159122,66.50564149398382,0,0,0,0,0
64.81376922836772,70.61503576636397,57.76829655734553,0,0,0,0,0
69.04830660958196,62.083662305931426,57.76191865203332,0,0,0,0,0
65.62190873307621,60.240625258114626,66.32297516841369,0,0,0,0,0
63.08600134517832,55.92526949201183,62.72041035655112,0,0,0,0,0
74.63088773765821,57.78361076166638,64.56490397775625,0,0,0,0,0
79.54708320235065,44.488142836714665,67.74547728426289,0,0,0,0,0
63.00716213090429,41.81801116577693,57.34953293453342,0,0,0,0,0
72.81484618345286,49.96625542589048,55.102106123938,0,0,0,0,0
66.74678715439086,48.298153774750716,51.31879578753762,0,0,0,0,0
67.56437308117651,45.46771950672725,53.39671576016836,0,0,0,0,0
67.03803037880566,56.963874474567156,83.5927554024698,0,0,1,1,1
65.68004615160092,59.553052085705104,69.95743664589429,0,0,0,0,0
70.24260813972414,50.884068862918475,49.19140507033583,0,0,0,0,0
65.84524941794481,64.77530081055262,49.42033634605144,0,0,0,0,0
71.3522841288992,38.58310885866495,63.854928493747934,0,0,0,0,0
69.74880945275432,48.06340540720282,64.37811837902373,0,0,0,0,0
68.80525976566796,42.831776793971954,64.39107068253891,0,0,0,0,0
65.462181689792,31.3346338292694,57.960353651570415,0,0,0,0,0
67.11614334715834,49.17319314157301,58.996365919976796,0,0,0,0,0
73.77695612912878,48.78252491616716,62.62303619327486,0,0,0,0,0
72.5045859381219,65.13449743242131,60.687144050346646,0,0,0,0,0
65.11222377600724,56.30811684554777,42.24559701801972,0,0,0,0,0
70.49666152714613,39.758131756707954,58.16160295539845,0,0,0,0,0
73.75693561685894,68.54092566334188,53.18874852591749,0,0,0,0,0
61.652973594393146,62.21033695525353,61.4016913512681,0,0,0,0,0
72.71680096189968,55.82097703468616,83.88207202082728,0,0,1,1,1
66.68688120527077,47.73515901150168,62.93985332379444,0,0,0,0,0
72.8529933429658,40.405607632765204,57.491762510620816,0,0,0,0,0
66.18370421728741,46.27793223928947,67.37441201581802,0,0,0,0,0
60.9755894966774,60.88748619704186,63.861503097673705,0,0,0,0,0
61.862287810584185,68.84586305934609,63.36075592361473,0,0,0,0,0
70.24042473330691,65.43243528272188,64.85480474572537,0,0,0,0,0
71.2986125086074,45.11150578213726,76.45234851863633,0,0,0,0,0
65.47841687447796,38.80382566710989,50.95289251739268,0,0,0,0,0
73.19296229388686,51.40886246911204,63.789056614491635,0,0,0,0,0
61.6923996886552,32.31560634437149,52.58895096014769,0,0,0,0,0
69.66960100676341,53.23167714184781,64.44410117073798,0,0,0,0,0
63.94491900118771,48.52397413701331,52.650507908111244,0,0,0,0,0
66.7408194609892,45.33963498131758,56.66106549115933,0,0,0,0,0
70.23699335658208,34.05296932733204,57.63928068609675,0,0,0,0,0
65.69793317358024,55.136001065697165,67.80653375475767,0,0,0,0,0
68.07722227885087,44.672991603380886,67.34763555153931,0,0,0,0,0
75.0314640460722,38.30083164289712,50.034260988428926,0,0,0,0,0
67.11554065238425,21.277377867183507,60.43947288799879,0,1,0,1,1
74.1784605603257,49.724850949493636,54.32336116200662,0,0,0,0,0
64.35146572671191,67.72251596669744,49.931960714597324,0,0,0,0,0
72.64902088957642,66.6125921454787,58.263863596605034,0,0,0,0,0
77.2078431032895,45.429037434137285,57.532137692353444,0,0,0,0,0
57.641777499363556,43.97787939638219,79.41373189076418,0,0,0,0,0
66.01552372264761,54.68774256075024,63.46367860288557,0,0,0,0,0
72.8853606359027,40.016145608117085,48.9790599939661,0,0,0,0,0
68.98477306978504,53.01791899819466,55.48180796663246,0,0,0,0,0
71.85572936685655,57.660802783846904,68.17106636343519,0,0,0,0,0
66.9800740664209,62.26933223884308,76.7075421829594,0,0,0,0,0
70.4329489373645,48.99845923520047,47.31213350209633,0,0,0,0,0
69.2216138230396,47.96326249823034,44.96060491888764,0,0,0,0,0
75.83891030829903,41.22017413243439,74.96772140297426,0,0,0,0,0
71.27210421650607,41.7311964596014,63.11691341896723,0,0,0,0,0
71.68801331037601,47.73521108098473,53.05365814498907,0,0,0,0,0
67.94061516938767,53.67365506816178,64.27703268897949,0,0,0,0,0
67.56196887963753,59.13584626233249,38.914018087864974,0,0,0,0,0
67.8372090609019,41.96821049319655,60.027004052777286,0,0,0,0,0
71.97226071189148,64.92688568959522,62.62256938274468,0,0,0,0,0
67.89507759589868,47.28876398957431,67.39416111630264,0,0,0,0,0
71.44887428448206,49.78632705651564,51.8888323816597,0,0,0,0,0
80.37700399322719,42.527883208521764,60.68549729122687,0,0,0,0,0
74.35562351715846,25.757597397270583,52.5966029915233,0,1,0,1,1
68.3698823391608,58.8404539636105,62.043070045394536,0,0,0,0,0
76.00606961081972,57.36843897092433,52.837229421095806,0,0,0,0,0
67.95962313489224,47.18672442881787,56.735193286718236,0,0,0,0,0
59.80937732411073,50.66990717224872,52.033476841678166,0,0,0,0,0
64.95956844541298,55.15939217704099,65.20908993458926,0,0,0,0,0
60.646040394870724,34.374541431134574,66.86760893325332,0,0,0,0,0
68.24243257979346,44.70947322653705,58.123035440340686,0,0,0,0,0
70.09209189594776,57.94264679621827,60.30590395968023,0,0,0,0,0
78.38218656137641,37.45710576830751,48.41126868293165,0,0,0,0,0
71.63463686882082,52.935579321666296,57.602586815945706,0,0,0,0,0
68.90449735595568,36.43418195376595,59.59836306366604,0,0,0,0,0
74.14702790591744,54.66429982433527,80.9663447282398,0,0,1,1,1
58.944323454960575,49.643585177025166,51.104263793806695,0,0,0,0,0
71.17807279054283,33.848681840944906,71.7134179100195,0,0,0,0,0
73.85432596943484,61.64739354457171,67.97487018772647,0,0,0,0,0
62.60706877110079,42.65408423201951,62.245091235921095,0,0,0,0,0
75.71877021603464,41.89747562985619,74.06896387356107,0,0,0,0,0
71.69248203747208,52.00569197230943,62.97684378085491,0,0,0,0,0
67.923560430496,61.48637349428715,63.11327356534343,0,0,0,0,0
73.16390933053142,39.841781810216034,59.575034775859635,0,0,0,0,0
81.35346428902199,50.61679849847972,69.78855105934902,0,0,0,0,0
70.90933127529247,54.28816500330573,68.77175387048707,0,0,0,0,0
71.24110293150169,56.93105607263144,54.9945817000303,0,0,0,0,0
67.70319550229878,51.76441555277225,49.44602244320986,0,0,0,0,0
65.75077815267605,46.329721609166775,58.37615490083474,0,0,0,0,0
74.15167908272123,41.724097793512804,53.59969148481883,0,0,0,0,0
65.71958087045566,50.86143883046375,59.49180340307716,0,0,0,0,0
70.35783118609696,39.27860988014393,69.89950507747311,0,0,0,0,0
67.61171276617442,20.78649516505393,56.34158675930568,0,1,0,1,1
72.39489912873196,54.365598041576675,59.6574129495074,0,0,0,0,0
71.66831052643474,59.039348410861955,60.46418187846716,0,0,0,0,0
75.18769972128949,26.370675644581617,66.78744705764228,0,1,0,1,1
67.44991800572626,39.90269295290062,42.02488532812316,0,0,0,0,0
68.65062532353315,56.191542610051975,55.14639764187763,0,0,0,0,0
65.10618142108846,70.574954697117,61.69026953823578,0,0,0,0,0
67.77853369961944,50.20793707675408,69.60063165141489,0,0,0,0,0
71.88650246522425,42.71997058770866,56.06478041995036,0,0,0,0,0
73.78494308322676,48.1710355889516,44.98757835166501,0,0,0,0,0
65.38917337911187,63.74876419148185,64.95769156772909,0,0,0,0,0
74.3480296005283,43.54035820875465,54.917100889394966,0,0,0,0,0
76.77818929402476,42.00807993349746,50.482666727277106,0,0,0,0,0
72.0671745161185,45.17256477817968,55.005236882294206,0,0,0,0,0
79.38397906279033,40.466713917412875,58.5237971387532,0,0,0,0,0
66.13105400448214,51.22670315994795,55.162042683694295,0,0,0,0,0
63.776726483442914,66.2467845846956,42.35547154320744,0,0,0,0,0
61.10639875547861,53.23079273116029,67.17652957509706,0,0,0,0,0
77.48022155744592,47.47646497873713,70.19900033022978,0,0,0,0,0
73.27182828177028,47.08188731084456,65.21217593071604,0,0,0,0,0
69.72207664544773,34.36809191303343,50.89851463660147,0,0,0,0,0
71.3998431315991,58.83109777147159,58.388067728419855,0,0,0,0,0
64.37255476350812,49.22162802987198,59.94782947816434,0,0,0,0,0
82.22875989808414,48.19520086409374,64.79035511649528,0,0,0,0,0
70.64610590987614,81.93107567844861,65.34672390974464,0,0,0,0,0
70.54697397302446,52.98752908365686,54.12660960977203,0,0,0,0,0
73.62883311949346,42.48208949904816,60.655964451308485,0,0,0,0,0
72.40504615868356,45.736424037944566,63.658243236921926,0,0,0,0,0
71.11942012139566,61.48445709196755,71.64657857717413,0,0,0,0,0
66.04762772277344,51.13270410537764,65.63605231859779,0,0,0,0,0
72.35734178567998,35.61722021682633,66.31245349900415,0,0,0,0,0
79.41012248237517,59.19228934575204,60.67061302343489,0,0,0,0,0
76.7271002307749,43.31855914461006,71.28367316162803,0,0,0,0,0
77.96593313319698,68.73297776217545,63.27810236767598,0,0,0,0,0
67.44392161784407,60.80048065714649,53.111296718611435,0,0,0,0,0
65.0519758987071,45.52678104341249,71.22695976100152,0,0,0,0,0
69.37106539950176,62.81016361735113,65.58322618031222,0,0,0,0,0
70.27862456144348,50.678555105274036,56.45564783097214,0,0,0,0,0
75.47095759235474,58.52773675122219,56.164056260806056,0,0,0,0,0
61.5376768514259,54.84732817294475,62.37260436112609,0,0,0,0,0
77.64775159730307,41.536433450091266,63.70547836214068,0,0,0,0,0
69.20996050710505,43.56450167682538,61.578338125049655,0,0,0,0,0
67.8655946502629,60.29960817581161,62.49046938754308,0,0,0,0,0
64.93947812369916,46.65224667893459,73.59965899661104,0,0,0,0,0
61.72571664067115,45.96351536758003,68.57234521787909,0,0,0,0,0
74.11585291980957,40.44877420650647,61.52508473012019,0,0,0,0,0
70.36658983594202,54.235990655934614,67.53048464613987,0,0,0,0,0
63.55019550129473,70.62524919243145,51.739808771779686,0,0,0,0,0
63.52460613968192,39.32467085745727,63.18341639957447,0,0,0,0,0
68.32107650354936,50.24219456672758,74.47445079786488,0,0,0,0,0
78.34510762644696,64.12220555415429,58.25563283686101,0,0,0,0,0
68.70204324318198,49.203586087542845,53.21892857104732,0,0,0,0,0
62.48428523440947,54.52371796249734,54.783288891255516,0,0,0,0,0
68.77128467957027,39.376064718531204,51.2829357012609,0,0,0,0,0
68.63638215126164,54.28307097207649,53.721904734978374,0,0,0,0,0
56.515566785292144,48.12855734995451,57.03593521127977,0,0,0,0,0
69.72852566741093,59.85729995679863,48.75546384657086,0,0,0,0,0
68.84532734895662,61.87386051564751,60.124946671596824,0,0,0,0,0
73.48103182406709,75.89563642018614,67.21821739029318,0,0,0,0,0
79.24478047472672,55.796331732135755,52.737950558824636,0,0,0,0,0
75.63282514773879,53.257963165821664,72.15427138913415,0,0,0,0,0
68.65555654722584,51.94384301577336,64.08633670822076,0,0,0,0,0
64.46737045629165,46.46833707189312,68.24464468499247,0,0,0,0,0
82.8667990162493,53.38483843461691,54.737323569182905,0,0,0,0,0
70.29609217007244,47.04598589860971,66.83620181653292,0,0,0,0,0
70.06964645956474,51.68460976269614,51.264528796837496,0,0,0,0,0
69.87937456444999,63.1759753560796,67.12198000669207,0,0,0,0,0
70.99042380383928,39.934574347203586,61.37471471834825,0,0,0,0,0
69.27819794038028,61.39878561129045,64.42600975987827,0,0,0,0,0
67.13168996559882,63.17115067339866,50.595243155001185,0,0,0,0,0
67.26570529379804,48.81931473008921,52.839441261787165,0,0,0,0,0
69.83623364892001,28.781451009914054,64.77782574602708,0,1,0,1,1
67.28287614433117,43.921780129055676,52.413215966206394,0,0,0,0,0
66.43577108661418,62.96994546561109,63.705650336792985,0,0,0,0,0
70.53215113845948,49.77131937701118,49.062897548318034,0,0,0,0,0
68.72511391289572,40.00697767705089,66.78539370133335,0,0,0,0,0
77.51996494291345,44.95225078771782,50.13981348185193,0,0,0,0,0
56.74515095803494,58.40620026504553,64.41839950143618,0,0,0,0,0
75.45753425961232,55.4673356820138,65.005047469168,0,0,0,0,0
76.23042596248814,47.61067900830306,54.4258254525634,0,0,0,0,0
59.63304883795925,46.33175588185313,64.65621253667781,0,0,0,0,0
68.28656202959826,46.08241850956178,62.08353810666845,0,0,0,0,0
68.14279567002104,40.77589815501497,55.68926515045809,0,0,0,0,0
62.96244152641089,66.15375689469442,51.931562527390334,0,0,0,0,0
66.11091656204562,46.7767953078866,44.29899446661937,0,0,0,0,0
64.44712077267086,62.17158520825497,62.79720037839755,0,0,0,0,0
78.76135221711812,65.21316051922452,47.48157782910356,0,0,0,0,0
74.6783919657373,59.9831089814796,60.76275359553046,0,0,0,0,0
76.3577754749708,45.683796872819514,57.892414271342005,0,0,0,0,0
73.60836032021618,54.037300903366095,65.43314220350557,0,0,0,0,0
64.35474114391386,49.758043936090836,57.583636004081086,0,0,0,0,0
67.37739866860113,40.96298139269872,57.36441770922327,0,0,0,0,0
72.4468728061396,53.24359281721603,65.85496563430637,0,0,0,0,0
63.88936095554027,38.20960208840198,62.68046423267294,0,0,0,0,0
73.56499215086194,61.87679388461564,62.52924765746223,0,0,0,0,0
68.79837300920933,45.35382702701607,63.75414071846821,0,0,0,0,0
68.12589596225202,52.01159655872839,47.71542301434315,0,0,0,0,0
73.55479984101746,52.83287871546142,66.05430943989586,0,0,0,0,0
72.2213165574302,47.410950262959226,64.89975035210882,0,0,0,0,0
68.1951691709046,55.86693801475275,51.86653497138802,0,0,0,0,0
75.79664901682123,45.25096343377476,58.04735621060639,0,0,0,0,0
64.59468336200051,58.71297297457244,59.68554169897895,0,0,0,0,0
73.07967803472133,36.54020319753251,58.92402572478614,0,0,0,0,0
72.96550628984193,51.26379579546412,62.67087973254828,0,0,0,0,0
68.45226780343005,69.38928999058285,71.45093425464947,0,0,0,0,0
71.63066511121059,39.99668675394425,68.65413382138263,0,0,0,0,0
63.74443211807348,43.222550294751485,49.502246452548746,0,0,0,0,0
74.6201350960345,55.13907849658915,64.97655992244839,0,0,0,0,0
69.07548931778506,51.79581781939598,70.63146655628327,0,0,0,0,0
67.38638489740481,53.50630099273559,63.09446816551362,0,0,0,0,0
75.24504612918444,54.891871301476634,68.72784340148773,0,0,0,0,0
66.4782815472862,56.3472146856177,76.09816356560611,0,0,0,0,0
62.957693518182204,61.09699841956223,68.18967636885586,0,0,0,0,0
62.21685413238048,54.098186569285126,61.99446876513383,0,0,0,0,0
73.0300497567282,47.58742345381457,68.36070779267803,0,0,0,0,0
63.597853237518585,56.72573701202731,61.159102664775126,0,0,0,0,0
78.77397090992183,68.99881934895215,60.19122434627965,0,0,0,0,0
59.59035296058139,48.67366253617426,57.18868611429014,0,0,0,0,0
78.48228184145019,40.254706953293585,72.50730687065686,0,0,0,0,0
71.05508733601309,61.07080669286972,53.45257067246399,0,0,0,0,0
69.51643444064804,48.796188360464015,72.25894179742492,0,0,0,0,0
67.27540456595526,28.273304539859637,63.99891298992297,0,1,0,1,1
71.99568057176036,58.47421677150422,48.80555060158447,0,0,0,0,0
69.81182648787576,44.64671814046077,62.94119434393137,0,0,0,0,0
75.5165094100826,49.094667176958396,43.19978793878701,0,0,0,0,0
70.5711382433102,53.319803305690144,65.00406413464829,0,0,0,0,0
70.75150880730939,51.904996797790666,67.08185186391192,0,0,0,0,0
68.18193893893073,57.0945181713904,55.26115235478357,0,0,0,0,0
69.71527188139466,45.645136294301565,60.98838156764466,0,0,0,0,0
71.5390088444603,55.131057981760826,75.63325947000229,0,0,0,0,0
61.449158036716874,47.40453322416083,55.954026365904504,0,0,0,0,0
63.25907288947143,57.38810480887503,51.5287393035472,0,0,0,0,0
73.71632047011357,56.153674840130535,71.8533072197008,0,0,0,0,0
70.85432719063971,40.645612979554045,75.70069752424635,0,0,0,0,0
69.0800833182366,60.85982116175032,60.02956537478278,0,0,0,0,0
70.09216966532696,44.64036554885952,68.09170428326685,0,0,0,0,0
71.73790852680835,58.08057798281145,70.73180732424704,0,0,0,0,0
67.30120159845319,53.67287313401341,54.060126139692926,0,0,0,0,0
66.10847637298843,68.38183676795123,56.11755331705705,0,0,0,0,0
70.9792262754884,47.76534017628148,69.84699610523788,0,0,0,0,0
65.10813611192484,46.506832038818025,73.48011422966808,0,0,0,0,0
72.04126377857236,49.805803941122676,64.50304688139484,0,0,0,0,0
61.4870819788108,46.968202171657246,52.96148517198357,0,0,0,0,0
75.14577818662822,57.9994190194205,75.89648889359553,0,0,0,0,0
72.36298741206521,33.83689391563412,55.752232817504286,0,0,0,0,0
71.28014867156938,39.46317580853646,57.31889775062839,0,0,0,0,0
74.91345491972757,39.32197078420807,62.73870267591697,0,0,0,0,0
78.32737222231289,59.50307591973576,72.4332833657182,0,0,0,0,0
75.07185032509065,67.10613372581925,66.8318078124178,0,0,0,0,0
60.795628843341774,48.955507814625285,63.31892400289529,0,0,0,0,0
63.60211516632149,48.311782768099896,63.70630824094485,0,0,0,0,0
66.8759071115216,50.700521631131814,60.34811734914773,0,0,0,0,0
70.13045525105417,61.61878302608191,64.46511611614805,0,0,0,0,0
72.58829510234561,40.72646865809426,39.76351937844558,0,0,0,0,0
66.37128093423267,52.38368982734785,57.627140327441616,0,0,0,0,0
70.9338338223854,59.7519762978243,61.93057547933425,0,0,0,0,0
66.22308533823339,55.01094169939845,50.791887331043945,0,0,0,0,0
66.94241098504025,51.89581616598743,63.09058654249248,0,0,0,0,0
62.96669451575889,60.01046092567141,58.36423023211103,0,0,0,0,0
65.38383376944547,22.96767707000763,74.04380558652392,0,1,0,1,1
63.241576971918334,56.77875319530908,72.58415780171885,0,0,0,0,0
65.12063373511333,43.45924316872576,56.2735554470547,0,0,0,0,0
75.2682089830392,31.693671031435432,58.793298307466436,0,0,0,0,0
65.25300555584029,55.11202599524981,59.40841947513286,0,0,0,0,0
83.16191032418695,63.73658545162958,56.386724190723015,0,0,0,0,0
72.46658950440445,48.62551485372308,61.56019987222501,0,0,0,0,0
70.92418061847437,59.528745472029385,53.93374344889928,0,0,0,0,0
65.70821109909393,66.12278257988646,50.95507732049979,0,0,0,0,0
73.50154939704495,63.14914453584048,64.98168979120214,0,0,0,0,0
67.12181086881112,66.39964529371393,65.03623667377448,0,0,0,0,0
70.6100490732268,57.42127491071892,53.56547392272006,0,0,0,0,0
82.80042269134397,50.754336389015926,67.1628434461008,0,0,0,0,0
69.51970050137675,33.980341881028316,54.947378166677346,0,0,0,0,0
75.74636663142837,47.53937511870051,62.02532190430385,0,0,0,0,0
66.48411787437057,41.567534046838084,66.56275210089964,0,0,0,0,0
69.82505754751519,71.70942717497815,59.7310994823703,0,0,0,0,0
78.85400317817755,48.24114187567663,63.637927297129075,0,0,0,0,0
66.86516471106117,51.23204806784486,55.86856284889943,0,0,0,0,0
79.06224278998465,55.51485376040468,58.428267332575224,0,0,0,0,0
73.53875967727738,50.436024463724536,58.353124552957276,0,0,0,0,0
67.18766612052866,66.95051040430752,54.02737322767809,0,0,0,0,0
73.1620386952776,43.77350638265548,58.58580669507374,0,0,0,0,0
74.86277224813365,51.94607455237243,47.61105360909003,0,0,0,0,0
73.10904981108598,42.57529414301952,56.070770022863165,0,0,0,0,0
62.14887640054772,36.79977488779294,57.72099605304263,0,0,0,0,0
66.36431412087566,43.882309090947146,57.95056198003696,0,0,0,0,0
68.76240682224248,49.62963202951588,58.068020433033766,0,0,0,0,0
69.62783285449977,45.7069777548274,59.50588640111897,0,0,0,0,0
73.10336048775339,43.07579020126144,63.835532144688514,0,0,0,0,0
70.88850500466627,35.93682536328166,66.99613659306019,0,0,0,0,0
63.323278206449494,49.16894427371305,54.801878185213866,0,0,0,0,0
71.90098925502981,34.952796259689975,50.374393156886846,0,0,0,0,0
73.05292872641911,57.60055963689602,51.66364470205518,0,0,0,0,0
72.7989522396552,50.824397529345035,56.10237663044058,0,0,0,0,0
75.4039036277731,35.4244850053507,57.18462945746793,0,0,0,0,0
74.16961077274452,46.907909229501364,53.84003147042034,0,0,0,0,0
72.29590039614219,42.478435944094166,49.63106668600084,0,0,0,0,0
69.64917144270676,53.1917451041918,56.351033380206495,0,0,0,0,0
61.69519533242004,63.40450446023144,61.45141296091177,0,0,0,0,0
72.14809109566293,31.248275303542556,64.76023572668451,0,0,0,0,0
71.03843843581555,51.150260791474174,55.54061557513343,0,0,0,0,0
71.35789418597686,48.398672044333594,56.69601742285253,0,0,0,0,0
63.61625712089845,56.713400764504655,52.58641352922152,0,0,0,0,0
64.59471729795868,52.131966282376894,59.74848663700179,0,0,0,0,0
75.26576426666452,42.48030668261181,53.21257092647348,0,0,0,0,0
69.80222423071673,46.80946064333382,64.5850225059296,0,0,0,0,0
73.40750348686312,42.03974143196511,45.71306806452711,0,0,0,0,0
70.1415918806523,60.76007138598598,57.1229626203803,0,0,0,0,0
70.14878069747873,50.21311648671942,62.40885871353394,0,0,0,0,0
74.69141902988,69.01190685753008,61.47067613058003,0,0,0,0,0
67.41977635891313,49.39339186185379,81.54426931184398,0,0,1,1,1
70.48060388470492,42.91593233089537,62.79840019654326,0,0,0,0,0
67.6886235564748,34.862856073871725,51.967563225263916,0,0,0,0,0
67.82751886283842,31.96860323744055,59.23628602328741,0,0,0,0,0
68.4541393826568,34.158640569945106,45.79002933226839,0,0,0,0,0
71.11066885816857,52.67126651011483,59.35520200562591,0,0,0,0,0
67.60625689168262,55.08725023229934,53.33555154399393,0,0,0,0,0
76.2787806278676,34.188092979678665,67.3231222044813,0,0,0,0,0
65.52696348890248,58.950383140761154,55.60367780323572,0,0,0,0,0
69.0656417791932,45.1693894831656,59.065872673638026,0,0,0,0,0
67.80134470862913,51.467930119855495,54.91553726876477,0,0,0,0,0
77.23488942176867,66.12220628255425,73.91081081482665,0,0,0,0,0
70.98277388255788,58.96839315865532,57.430057871056704,0,0,0,0,0
75.15922269734317,47.314693520941674,74.66045634783362,0,0,0,0,0
62.57219813481514,41.08807774584713,66.51321409694613,0,0,0,0,0
71.33525132934629,28.48184598670695,63.85653381868309,0,1,0,1,1
74.44815397811719,42.8084668075758,62.94986517854016,0,0,0,0,0
70.41141994637712,47.88869761172305,63.150378385730015,0,0,0,0,0
75.32740187532676,40.12820472848816,44.57861936523512,0,0,0,0,0
67.41355774949814,48.68743032907695,57.768932846793945,0,0,0,0,0
77.0467372009279,50.768518829587684,66.76126376947457,0,0,0,0,0
81.49449061809625,47.751440181919214,59.60882253220716,0,0,0,0,0
68.18580719780171,43.4999741917654,48.7584812255714,0,0,0,0,0
67.77248739299614,51.68654671966728,59.58076439538024,0,0,0,0,0
77.2669223855885,54.41940649569409,73.63284413004394,0,0,0,0,0
77.89786072865357,39.096009225571535,69.97513372427775,0,0,0,0,0
67.38569986423366,64.10932379746271,59.50396792507175,0,0,0,0,0
67.89906591452072,49.014118677157384,67.6115942164647,0,0,0,0,0
68.59107695569746,50.188496229448475,57.06794383705559,0,0,0,0,0
63.27774744482861,57.08214423256557,46.36902730538625,0,0,0,0,0
65.40674026757901,52.332161312635016,52.60427209496356,0,0,0,0,0
64.97929616623966,59.53136633913245,72.50311014806559,0,0,0,0,0
66.16101217447935,52.87124165201824,57.80805534536557,0,0,0,0,0
69.8265755630661,43.87562625359562,58.052928164999855,0,0,0,0,0
71.1710736626826,53.61503525206102,57.60129442980096,0,0,0,0,0
77.75250246407039,38.56273792679338,75.23309271658405,0,0,0,0,0
65.00822979630604,51.085597057765234,73.0076713228965,0,0,0,0,0
74.92161199238292,49.66770009355539,77.75024186758507,0,0,0,0,0
68.93005577887246,47.918831427274604,58.72763831679959,0,0,0,0,0
69.75268145173783,48.71462488561069,62.36499590997676,0,0,0,0,0
73.37409746083301,31.18150954502361,47.866859604633675,0,0,0,0,0
64.3863898921885,44.512750922590385,71.8154754089462,0,0,0,0,0
71.91204873092025,50.928449011411146,50.65776358985652,0,0,0,0,0
70.83226104106528,51.598563919974005,61.73420451010103,0,0,0,0,0
72.46225632004075,39.72324859074042,51.22157977893725,0,0,0,0,0
71.44584321953909,62.65707840864701,55.28906538609043,0,0,0,0,0
82.27650069955448,41.33825151785499,53.3019005516024,0,0,0,0,0
66.81130007874341,59.69457200526737,55.13699791459346,0,0,0,0,0
67.34501522499092,54.27194361871685,55.68701837480817,0,0,0,0,0
66.88429736787617,43.53772690156197,55.61384964059938,0,0,0,0,0
67.22261440419872,67.75310892609512,66.66667129424246,0,0,0,0,0
66.81306436346742,38.0636316824352,51.16109765549984,0,0,0,0,0
75.94508265553776,59.191541736100014,61.764331416110934,0,0,0,0,0
77.10252123994927,60.005823180429786,69.74367321844447,0,0,0,0,0
67.14626853125262,43.293797909233554,55.89442908389283,0,0,0,0,0
65.83822213447885,63.92465300064329,54.256648874019184,0,0,0,0,0
72.35707778193202,47.49953485401047,58.155802998557995,0,0,0,0,0
67.23888477859515,52.88693629279857,69.43780166688568,0,0,0,0,0
73.16465908877755,52.603218387712204,61.55286104762686,0,0,0,0,0
71.01461510425649,48.65691258529452,55.750285643139215,0,0,0,0,0
62.42127942501384,58.10808273159782,63.87101320950432,0,0,0,0,0
77.73752600665031,57.93488720552213,51.18166280130861,0,0,0,0,0
78.9793883654776,32.51468026761819,65.45087608354359,0,0,0,0,0
66.93605654757806,63.043402428781526,63.268858461614144,0,0,0,0,0
68.06149220032007,33.37508011964326,57.53753223088893,0,0,0,0,0
71.42932695362452,60.32546204341657,53.29131361242215,0,0,0,0,0
71.67228394993512,61.26705136827583,52.906552621732345,0,0,0,0,0
73.29272136336415,39.09033569784802,64.27853869076728,0,0,0,0,0
80.05102269383175,45.891857120454155,69.8318440199125,0,0,0,0,0
69.11526386252976,38.94295331514064,54.90153802376964,0,0,0,0,0
66.00851377730773,47.850789697112646,63.66709362841188,0,0,0,0,0
63.10340385992736,46.919657158142584,43.303783851183454,0,0,0,0,0
66.3453498002904,57.796605322693395,55.323058154742405,0,0,0,0,0
69.83436513563102,63.10308746119608,59.75152853703278,0,0,0,0,0
78.97278931758893,63.95683810789956,52.722532664145334,0,0,0,0,0
67.41194350481915,44.37831973421698,52.50794900168323,0,0,0,0,0
71.11893975819449,47.90778126255472,54.65776354824891,0,0,0,0,0
69.91788551963624,33.1656180777905,62.33754182661099,0,0,0,0,0
75.94196636724043,41.94129933503811,58.501367852749006,0,0,0,0,0
82.63466212936811,59.64851633097457,42.09415013340022,0,0,0,0,0
67.3456561353984,66.15582823548232,43.03439877891947,0,0,0,0,0
67.5528027874089,37.65651128120078,55.1450785771426,0,0,0,0,0
75.22080438534536,44.075357408471056,63.66149268842842,0,0,0,0,0
73.40945744813156,49.73594243041073,38.01996125819812,0,0,0,0,0
79.23353662868017,52.80161158819607,56.002158590786955,0,0,0,0,0
72.91964092662982,41.90396480078354,55.79001714786063,0,0,0,0,0
68.2035395460647,54.24061044464089,71.10670222566759,0,0,0,0,0
72.95327415346155,45.26160652929084,56.91982550629709,0,0,0,0,0
75.54351790291454,49.855477291217206,63.063911877927424,0,0,0,0,0
74.10241090598682,55.462842480037,61.1300571206997,0,0,0,0,0
72.53637015553649,50.064222698109376,42.9554681615424,0,0,0,0,0
75.33337344794577,45.63614109473431,66.1456577330539,0,0,0,0,0
75.84647795222837,48.90390196074169,61.7231720436503,0,0,0,0,0
76.91079495518764,49.11637040794665,64.06614911739672,0,0,0,0,0
73.24354943794822,46.29988970117872,91.40990165149061,0,0,1,1,1
69.16440959841573,47.41203937332897,43.32709648401129,0,0,0,0,0
70.73356843216662,65.98647170504717,73.79757319808887,0,0,0,0,0
76.03254483254179,55.60919447941239,57.70041984479715,0,0,0,0,0
65.91532164506381,47.045196819708394,62.29863123522407,0,0,0,0,0
71.8433665443645,56.969544045107355,59.635902037590064,0,0,0,0,0
68.0333059383632,46.6618051024399,56.60610933281565,0,0,0,0,0
70.14372411467409,61.73124637586641,55.44133657408993,0,0,0,0,0
76.39225931303649,53.69642192198094,62.636069884584074,0,0,0,0,0
70.95549534009952,48.92697855995771,47.86261042662657,0,0,0,0,0
70.23218274078074,54.477169258102776,66.00463334017412,0,0,0,0,0
63.200719295100406,34.291238479315005,56.67044476091797,0,0,0,0,0
73.7312678301361,38.73232531090195,50.95944528767714,0,0,0,0,0
73.22742090570537,38.060749936009444,56.39989713603349,0,0,0,0,0
80.8162736165273,51.429430947637066,70.05719373490058,0,0,0,0,0
68.461108825235,67.32514999485092,55.71731930387021,0,0,0,0,0
71.0957516383197,72.31300146192632,62.86762894567696,0,0,0,0,0
71.24691841855378,56.380511014407574,54.15234979427621,0,0,0,0,0
77.88726639881737,55.00844474944457,66.06337479938895,0,0,0,0,0
69.52352233806523,31.98942265847261,65.48406191032163,0,0,0,0,0
71.39510762885169,44.57326200265978,74.7888706663713,0,0,0,0,0
73.0394825485827,42.12216248091761,58.59548843600628,0,0,0,0,0
70.9330456157818,43.79152401748884,65.34923843806325,0,0,0,0,0
67.76783192724736,48.318561814152105,60.784540316311556,0,0,0,0,0
70.97044996449154,45.27909422302873,70.36697425490411,0,0,0,0,0
75.36815874929886,30.207001896242122,54.24934089913016,0,0,0,0,0
64.8674235029447,57.47910256117534,65.96004250301824,0,0,0,0,0
70.66484837073438,39.27256974260193,58.442421631066544,0,0,0,0,0
66.49939592530413,52.39246864111149,59.48649458313202,0,0,0,0,0
75.97523314462421,70.74082669749973,60.73401987558698,0,0,0,0,0
62.384065476081126,40.80615408413577,62.01792317141342,0,0,0,0,0
67.20539076364206,24.697124772536704,59.070167655024335,0,1,0,1,1
71.8860593753226,47.139957781198895,61.71770546536421,0,0,0,0,0
77.8276201461717,61.00959634998571,72.62494446049747,0,0,0,0,0
69.67124869463507,69.58347454220593,67.88359748492175,0,0,0,0,0
67.22400236653401,37.70450405547583,66.95323673997517,0,0,0,0,0
79.40578534720295,54.966992232365214,56.355683791809035,0,0,0,0,0
62.75993049791878,45.34689543219947,52.88607337417341,0,0,0,0,0
59.00597021689959,48.94051645695864,67.64240446590202,0,0,0,0,0
72.20007225026666,76.44343347017035,67.00837434023835,0,0,0,0,0
67.48972887823695,34.970296716048466,71.78136540600785,0,0,0,0,0
64.89383591434644,52.537396614945735,55.168154992246166,0,0,0,0,0
73.54178223649677,54.676931717654334,58.163610757117226,0,0,0,0,0
71.219003568856,60.857863249393475,46.884126699796525,0,0,0,0,0
67.17960684631636,50.97983153470896,56.86023115151302,0,0,0,0,0
63.59847800664553,53.08050539504102,67.97256408463558,0,0,0,0,0
74.36228664140073,46.08351432578209,56.268036966174414,0,0,0,0,0
73.2510058897933,52.69126941245107,65.12383836160659,0,0,0,0,0
69.50412068110309,46.5680772450259,58.47597515201751,0,0,0,0,0
79.23318498023833,56.21571889856051,62.59245622577249,0,0,0,0,0
64.64957616836924,46.30389663956366,50.81846888147466,0,0,0,0,0
62.372374145376305,53.77100393902187,60.681675597071205,0,0,0,0,0
66.54045965059377,49.707371863150215,36.070912232794214,0,0,0,0,0
69.77206991822251,61.26050250772168,58.50483073470412,0,0,0,0,0
71.21669724661346,49.48606276411514,46.95621405027888,0,0,0,0,0
68.79381971071835,32.26967531793119,69.64795613237453,0,0,0,0,0
71.76027698257148,62.619215007139914,66.21925882211609,0,0,0,0,0
63.74230287904778,40.94267699137381,63.733367855728645,0,0,0,0,0
77.2188230203663,43.4623366135118,72.16804981727503,0,0,0,0,0
69.58924410803715,44.04338705956508,52.4086678334013,0,0,0,0,0
75.58647915794064,63.74438093170817,73.97890558332446,0,0,0,0,0
71.71362673188852,28.643257860213044,67.45753251408308,0,1,0,1,1
72.28376609576893,81.37748533659993,58.10755770224843,0,0,0,0,0
72.84883640116102,60.56056809066052,69.08496117746355,0,0,0,0,0
72.23854280008658,52.2323891412916,51.14965190070693,0,0,0,0,0
73.21361379933772,49.451059993837134,53.40388670777861,0,0,0,0,0
76.64576265066216,52.85554074857657,55.1312822140824,0,0,0,0,0
70.98260584850735,55.211224283793385,55.768178335487875,0,0,0,0,0
73.54501878794257,56.45215585950057,51.54753885791798,0,0,0,0,0
69.55132152856386,55.55604466003449,69.7846645367626,0,0,0,0,0
77.20058607724737,50.895806812552486,57.929164797041345,0,0,0,0,0
66.61803848970365,48.02661579692674,62.82003974685504,0,0,0,0,0
79.00470216455408,48.487267163464885,55.43718906869056,0,0,0,0,0
69.79921024677829,48.05091719647319,45.435173595611865,0,0,0,0,0
62.84612448940976,61.337700968670646,62.160458867131375,0,0,0,0,0
70.64052207455394,55.935567222808615,44.701960196641785,0,0,0,0,0
66.59474171262559,20.596113653357197,59.450927631316254,0,1,0,1,1
74.20321774494361,56.55900776529761,49.053479689337514,0,0,0,0,0
66.73688010348805,51.94736194718775,75.89820799384647,0,0,0,0,0
67.7690828339261,49.81291243554102,67.29090177739778,0,0,0,0,0
60.552296345272346,46.11481546911114,60.84603033017184,0,0,0,0,0
67.73846840375461,61.24112719986013,70.10965342123735,0,0,0,0,0
57.88060336685522,59.475264621228575,53.229472180274115,0,0,0,0,0
62.08048588257138,42.27122332176391,64.34783502936074,0,0,0,0,0
73.80207328072149,54.07052287124535,61.59848346974971,0,0,0,0,0
73.92900079325416,40.28343265458714,62.11216065066936,0,0,0,0,0
72.12728780892482,36.203818352110694,70.17882800085414,0,0,0,0,0
65.16511928435393,43.73282775410035,65.85993682223842,0,0,0,0,0
69.7614432192901,58.62393472382759,62.30978930260019,0,0,0,0,0
69.98198730454716,59.53125045376087,46.76090051017363,0,0,0,0,0
64.20817655403728,55.130854200972934,52.319629637764294,0,0,0,0,0
77.51699150883576,57.25095786847997,59.018328531234204,0,0,0,0,0
74.38681145287836,55.16178287114958,60.74697899421321,0,0,0,0,0
68.89517913085169,43.585184047770476,50.958370202608606,0,0,0,0,0
70.13442919497265,54.31922544673941,79.29341340462737,0,0,0,0,0
71.04191403973776,58.00409525227683,72.13115244202858,0,0,0,0,0
59.791325657878545,57.542913298135744,64.81694656313987,0,0,0,0,0
68.76411308739702,61.88913371474643,60.576294890269956,0,0,0,0,0
66.59007876001101,57.083038472010635,58.302328240790786,0,0,0,0,0
64.99189995052542,53.51448207541583,52.384652319822116,0,0,0,0,0
68.59449853557022,60.701502383164275,60.619844148150904,0,0,0,0,0
78.98843263424762,49.7347874075094,62.06202032114201,0,0,0,0,0
73.20421430633505,41.18125348772282,50.065915396147005,0,0,0,0,0
67.14410505108602,48.36933036056236,62.67341133795918,0,0,0,0,0
72.86291390678079,42.55097355193551,58.75792760940201,0,0,0,0,0
